session,survival_rate
1,1.0
2,0.98
3,0.9803921568627451
4,1.0
5,1.0
6,1.0
7,1.0
8,1.0
9,0.975609756097561
10,1.0
